{"SHALLOW_SHALLOW_1652981609_32580_Dracula_real": {"RMSE": {"SINGLE_LINE": 0.04081646296296298, "DOUBLE_LINE": 0.04735096296296297, "DIAGONAL": 0.04739305555555555, "CROSS": 0.060413999999999995, "ZIG_ZAG": 0.08601827777777776, "WAVE": 0.05902803703703702, "SCRATCH": 0.06257357407407409, "all": "0.057656"}, "F1": {"SINGLE_LINE": 0.864464055555556, "DOUBLE_LINE": 0.8462309074074073, "DIAGONAL": 0.8421293703703703, "CROSS": 0.7775587407407408, "ZIG_ZAG": 0.722629851851852, "WAVE": 0.8046361851851853, "SCRATCH": 0.7916292592592592, "all": "0.807040\n"}}, "TIRAMISU_UNET_1652986122_7940_Dracula_real": {"RMSE": {"SINGLE_LINE": 0.0560352037037037, "DOUBLE_LINE": 0.06849524074074075, "DIAGONAL": 0.07173733333333333, "CROSS": 0.09265959259259259, "ZIG_ZAG": 0.11010161111111116, "WAVE": 0.08059468518518517, "SCRATCH": 0.1115116666666667, "all": "0.084448"}, "F1": {"SINGLE_LINE": 0.8523375370370369, "DOUBLE_LINE": 0.8281784629629633, "DIAGONAL": 0.7790857222222223, "CROSS": 0.7096003703703702, "ZIG_ZAG": 0.716957277777778, "WAVE": 0.7859902962962965, "SCRATCH": 0.6744595555555555, "all": "0.763801\n"}}, "DENSE_DEFAULT_1652984762_69609_IAMsynth_full": {"RMSE": {"SINGLE_LINE": 0.07045794444444445, "DOUBLE_LINE": 0.09712218518518519, "DIAGONAL": 0.07418351851851852, "CROSS": 0.09493044444444447, "ZIG_ZAG": 0.09536283333333333, "WAVE": 0.08143951851851854, "SCRATCH": 0.11791687037037034, "all": "0.090202"}, "F1": {"SINGLE_LINE": 0.8312283333333333, "DOUBLE_LINE": 0.7557615740740741, "DIAGONAL": 0.7837457222222223, "CROSS": 0.7137582222222223, "ZIG_ZAG": 0.7432914444444444, "WAVE": 0.7925701666666666, "SCRATCH": 0.645973722222222, "all": "0.752333\n"}}, "TIRAMISU_UNET_1652985593_94764_IAMsynth_full": {"RMSE": {"SINGLE_LINE": 0.06434035185185186, "DOUBLE_LINE": 0.08620255555555553, "DIAGONAL": 0.07350974074074074, "CROSS": 0.09941898148148146, "ZIG_ZAG": 0.09087483333333334, "WAVE": 0.07645983333333331, "SCRATCH": 0.1200657037037037, "all": "0.087267"}, "F1": {"SINGLE_LINE": 0.8277079629629632, "DOUBLE_LINE": 0.7487630925925924, "DIAGONAL": 0.7768617962962964, "CROSS": 0.6825486111111109, "ZIG_ZAG": 0.7359172962962963, "WAVE": 0.7862742222222221, "SCRATCH": 0.6031565925925927, "all": "0.737319\n"}}, "TIRAMISU_UNET_1652982176_18739_Dracula_real": {"RMSE": {"SINGLE_LINE": 0.051080148148148145, "DOUBLE_LINE": 0.05860222222222223, "DIAGONAL": 0.0575725925925926, "CROSS": 0.06925879629629632, "ZIG_ZAG": 0.0849189074074074, "WAVE": 0.06480464814814815, "SCRATCH": 0.07910557407407406, "all": "0.066478"}, "F1": {"SINGLE_LINE": 0.8438839814814814, "DOUBLE_LINE": 0.8275862777777777, "DIAGONAL": 0.785126314814815, "CROSS": 0.7186157592592595, "ZIG_ZAG": 0.7061590555555555, "WAVE": 0.7830691851851852, "SCRATCH": 0.6936437407407406, "all": "0.765441\n"}}, "DENSE_DEFAULT_1652981069_15016_Dracula_real": {"RMSE": {"SINGLE_LINE": 0.03133112962962963, "DOUBLE_LINE": 0.0386425925925926, "DIAGONAL": 0.033834388888888886, "CROSS": 0.04335311111111111, "ZIG_ZAG": 0.07058575925925925, "WAVE": 0.047618333333333325, "SCRATCH": 0.05428592592592593, "all": "0.045664"}, "F1": {"SINGLE_LINE": 0.9006289444444443, "DOUBLE_LINE": 0.8794335185185184, "DIAGONAL": 0.8833300555555558, "CROSS": 0.8392182037037038, "ZIG_ZAG": 0.7632785555555556, "WAVE": 0.8463204814814815, "SCRATCH": 0.8210412407407408, "all": "0.847607\n"}}, "SIMPLE_SIMPLE_CNN_1652981128_73595_IAMsynth_full": {"RMSE": {"SINGLE_LINE": 0.06872314814814816, "DOUBLE_LINE": 0.0955191111111111, "DIAGONAL": 0.07189911111111111, "CROSS": 0.09443327777777777, "ZIG_ZAG": 0.0929022037037037, "WAVE": 0.07916342592592594, "SCRATCH": 0.12597550000000005, "all": "0.089802"}, "F1": {"SINGLE_LINE": 0.8308327037037038, "DOUBLE_LINE": 0.7517627777777777, "DIAGONAL": 0.7857008333333331, "CROSS": 0.7072562777777779, "ZIG_ZAG": 0.7434509259259258, "WAVE": 0.7897867777777775, "SCRATCH": 0.6275802962962964, "all": "0.748053\n"}}, "DENSE_GENERATOR_1652982291_96345_IAMsynth_full": {"RMSE": {"SINGLE_LINE": 0.06576685185185185, "DOUBLE_LINE": 0.0917671111111111, "DIAGONAL": 0.07177618518518519, "CROSS": 0.09426483333333334, "ZIG_ZAG": 0.09145155555555552, "WAVE": 0.077221537037037, "SCRATCH": 0.12144259259259259, "all": "0.087670"}, "F1": {"SINGLE_LINE": 0.8332008703703706, "DOUBLE_LINE": 0.7532282407407409, "DIAGONAL": 0.7859948518518519, "CROSS": 0.7059538518518518, "ZIG_ZAG": 0.7437415370370369, "WAVE": 0.7931181851851851, "SCRATCH": 0.626409462962963, "all": "0.748807\n"}}, "SIMPLE_SIMPLE_CNN_1652981392_34494_Dracula_real": {"RMSE": {"SINGLE_LINE": 0.03339635185185186, "DOUBLE_LINE": 0.040944222222222215, "DIAGONAL": 0.03569757407407408, "CROSS": 0.04353544444444445, "ZIG_ZAG": 0.07281898148148148, "WAVE": 0.05064705555555555, "SCRATCH": 0.05486312962962963, "all": "0.047415"}, "F1": {"SINGLE_LINE": 0.898018259259259, "DOUBLE_LINE": 0.8762113333333333, "DIAGONAL": 0.8762451666666666, "CROSS": 0.8411367037037036, "ZIG_ZAG": 0.760055777777778, "WAVE": 0.841470314814815, "SCRATCH": 0.8148043518518518, "all": "0.843992\n"}}, "DENSE_GENERATOR_1652986224_91320_IAMsynth_full": {"RMSE": {"SINGLE_LINE": 0.07054270370370372, "DOUBLE_LINE": 0.09831729629629628, "DIAGONAL": 0.07787440740740745, "CROSS": 0.10160896296296296, "ZIG_ZAG": 0.10192303703703703, "WAVE": 0.08495479629629629, "SCRATCH": 0.1238463148148148, "all": "0.094153"}, "F1": {"SINGLE_LINE": 0.8351642222222223, "DOUBLE_LINE": 0.7572809259259261, "DIAGONAL": 0.7847361111111112, "CROSS": 0.7052738703703706, "ZIG_ZAG": 0.7402529629629631, "WAVE": 0.7924567962962965, "SCRATCH": 0.6332418703703704, "all": "0.749772\n"}}, "TIRAMISU_UNET_1652981653_25492_IAMsynth_full": {"RMSE": {"SINGLE_LINE": 0.06873011111111112, "DOUBLE_LINE": 0.09317538888888885, "DIAGONAL": 0.07658418518518516, "CROSS": 0.10453705555555554, "ZIG_ZAG": 0.09307948148148146, "WAVE": 0.07936566666666665, "SCRATCH": 0.12965140740740738, "all": "0.092160"}, "F1": {"SINGLE_LINE": 0.8276869814814815, "DOUBLE_LINE": 0.7552063518518521, "DIAGONAL": 0.7757941481481482, "CROSS": 0.6844564074074074, "ZIG_ZAG": 0.7424361296296297, "WAVE": 0.7881292222222221, "SCRATCH": 0.6140071851851852, "all": "0.741102\n"}}, "DENSE_DEFAULT_1652985028_57134_Dracula_real": {"RMSE": {"SINGLE_LINE": 0.03017268518518518, "DOUBLE_LINE": 0.04063164814814814, "DIAGONAL": 0.03360103703703704, "CROSS": 0.044520648148148156, "ZIG_ZAG": 0.07926337037037037, "WAVE": 0.04937238888888888, "SCRATCH": 0.06567366666666667, "all": "0.049034"}, "F1": {"SINGLE_LINE": 0.9079009074074073, "DOUBLE_LINE": 0.8795978148148147, "DIAGONAL": 0.884115111111111, "CROSS": 0.8417275185185183, "ZIG_ZAG": 0.7595043148148147, "WAVE": 0.8513864444444443, "SCRATCH": 0.7951913518518519, "all": "0.845632\n"}}, "SIMPLE_SIMPLE_CNN_1652985340_8567_Dracula_real": {"RMSE": {"SINGLE_LINE": 0.033772351851851845, "DOUBLE_LINE": 0.04210242592592594, "DIAGONAL": 0.03724257407407407, "CROSS": 0.047948722222222205, "ZIG_ZAG": 0.0682077962962963, "WAVE": 0.05008342592592592, "SCRATCH": 0.05689451851851854, "all": "0.048036"}, "F1": {"SINGLE_LINE": 0.8903586481481478, "DOUBLE_LINE": 0.8686969074074076, "DIAGONAL": 0.869066685185185, "CROSS": 0.8169327592592593, "ZIG_ZAG": 0.7654255925925925, "WAVE": 0.836073907407407, "SCRATCH": 0.8094632037037037, "all": "0.836574\n"}}, "DENSE_GENERATOR_1652986479_62220_Dracula_real": {"RMSE": {"SINGLE_LINE": 0.03097100000000001, "DOUBLE_LINE": 0.037972166666666675, "DIAGONAL": 0.03594096296296296, "CROSS": 0.04793325925925924, "ZIG_ZAG": 0.07384390740740743, "WAVE": 0.049056444444444465, "SCRATCH": 0.054809000000000004, "all": "0.047218"}, "F1": {"SINGLE_LINE": 0.9062879259259256, "DOUBLE_LINE": 0.8869767407407408, "DIAGONAL": 0.8792391111111113, "CROSS": 0.8242418518518518, "ZIG_ZAG": 0.7578355555555556, "WAVE": 0.8474273703703707, "SCRATCH": 0.8195075370370373, "all": "0.845931\n"}}, "SHALLOW_SHALLOW_1652985402_72108_IAMsynth_full": {"RMSE": {"SINGLE_LINE": 0.07411498148148149, "DOUBLE_LINE": 0.09895551851851848, "DIAGONAL": 0.08296974074074072, "CROSS": 0.1114082222222222,