{
    "ORIGINAL_1654342084_67851_IAMsynth_full_8": {
        "IAMsynth_full": {
            "RMSE": {
                "CROSS": 0.053465333333333295,
                "ZIG_ZAG": 0.06459247008547009,
                "WAVE": 0.06816133333333332,
                "SCRATCH": 0.06411671794871797,
                "DIAGONAL": 0.04394955555555556,
                "DOUBLE_LINE": 0.04383060683760684,
                "SINGLE_LINE": 0.03901489743589743,
                "all": 0.05387584493284493
            },
            "F1": {
                "CROSS": 0.8187148461538459,
                "ZIG_ZAG": 0.7988997435897435,
                "WAVE": 0.7673165299145303,
                "SCRATCH": 0.721324982905983,
                "DIAGONAL": 0.8530310170940169,
                "DOUBLE_LINE": 0.8541418205128203,
                "SINGLE_LINE": 0.8794937008547011,
                "all": 0.8132746630036629
            }
        },
        "Dracula_real": {
            "RMSE": {
                "SINGLE_LINE": 0.023200462962962957,
                "DOUBLE_LINE": 0.028177759259259257,
                "DIAGONAL": 0.029225166666666674,
                "CROSS": 0.03619790740740741,
                "ZIG_ZAG": 0.04093892592592593,
                "WAVE": 0.03389114814814815,
                "SCRATCH": 0.03751314814814815,
                "all": 0.03273493121693122
            },
            "F1": {
                "SINGLE_LINE": 0.8227867777777781,
                "DOUBLE_LINE": 0.7819824444444445,
                "DIAGONAL": 0.7444497407407406,
                "CROSS": 0.6682203888888888,
                "ZIG_ZAG": 0.7148150370370367,
                "WAVE": 0.7588471851851852,
                "SCRATCH": 0.6586834074074075,
                "all": 0.7356835687830688
            }
        }
    }
}