{"ORIGINAL_1653560538_24458": {"IAMsynth_full": {"RMSE": {"CROSS": 0.061835726495726495, "DIAGONAL": 0.054227700854700855, "SCRATCH": 0.08410064102564102, "SINGLE_LINE": 0.04877920512820511, "DOUBLE_LINE": 0.05411041025641025, "WAVE": 0.07268921367521368, "ZIG_ZAG": 0.07435923076923079, "all": 0.06430030402930402}, "F1": {"CROSS": 0.7968620000000001, "DIAGONAL": 0.8131895299145301, "SCRATCH": 0.7163481965811964, "SINGLE_LINE": 0.8560921452991457, "DOUBLE_LINE": 0.825653264957265, "WAVE": 0.7381143418803419, "ZIG_ZAG": 0.762308888888889, "all": 0.7869383382173383}}, "Dracula_real": {"RMSE": {"SINGLE_LINE": 0.027476870370370363, "DOUBLE_LINE": 0.031953574074074065, "DIAGONAL": 0.030733351851851862, "CROSS": 0.03539725925925927, "ZIG_ZAG": 0.04468748148148149, "WAVE": 0.03788127777777778, "SCRATCH": 0.04763868518518519, "all": 0.03653835714285714}, "F1": {"SINGLE_LINE": 0.7791072962962962, "DOUBLE_LINE": 0.7621644999999999, "DIAGONAL": 0.7087084444444445, "CROSS": 0.6728345185185186, "ZIG_ZAG": 0.6917598333333331, "WAVE": 0.7320424259259256, "SCRATCH": 0.6362412222222223, "all": 0.7118368915343916}}}, "ORIGINAL_1653564387_71804": {"IAMsynth_full": {"RMSE": {"CROSS": 0.04933512820512819, "DIAGONAL": 0.045035623931623914, "SCRATCH": 0.11683013675213676, "SINGLE_LINE": 0.0350841623931624, "DOUBLE_LINE": 0.03796681196581196, "WAVE": 0.06393992307692307, "ZIG_ZAG": 0.06522052991452995, "all": 0.05905890231990232}, "F1": {"CROSS": 0.8492732905982907, "DIAGONAL": 0.8620526666666666, "SCRATCH": 0.649430076923077, "SINGLE_LINE": 0.916781341880342, "DOUBLE_LINE": 0.8949864102564099, "WAVE": 0.7669480598290599, "ZIG_ZAG": 0.7941332649572649, "all": 0.8190864444444443}}, "Dracula_real": {"RMSE": {"SINGLE_LINE": 0.019938685185185188, "DOUBLE_LINE": 0.024462999999999995, "DIAGONAL": 0.028349888888888883, "CROSS": 0.0353292037037037, "ZIG_ZAG": 0.03756083333333333, "WAVE": 0.03244085185185185, "SCRATCH": 0.03401887037037037, "all": 0.030300190476190474}, "F1": {"SINGLE_LINE": 0.8275587592592589, "DOUBLE_LINE": 0.7896197777777777, "DIAGONAL": 0.7433009259259259, "CROSS": 0.6735604444444442, "ZIG_ZAG": 0.716969814814815, "WAVE": 0.7556550370370368, "SCRATCH": 0.6845746111111112, "all": 0.7416056243386244}}}}